{
    "providers":[
		{"type":"bitmap","file":"infinitemc:prefixes/other/crate.png","ascent":7,"height":7,"chars":[""]},
		{"type":"bitmap","file":"infinitemc:prefixes/other/leaderboard.png","ascent":7,"height":7,"chars":[""]},
		{"type":"bitmap","file":"infinitemc:prefixes/other/npc.png","ascent":7,"height":7,"chars":[""]},
		{"type":"bitmap","file":"infinitemc:prefixes/other/staffchat.png","ascent":7,"height":7,"chars":[""]},
		{"type":"bitmap","file":"infinitemc:prefixes/ranks/player/hero.png","ascent":7,"height":7,"chars":[""]},
		{"type":"bitmap","file":"infinitemc:prefixes/ranks/player/lord.png","ascent":7,"height":7,"chars":[""]},
		{"type":"bitmap","file":"infinitemc:prefixes/ranks/player/media.png","ascent":7,"height":7,"chars":[""]},
		{"type":"bitmap","file":"infinitemc:prefixes/ranks/player/member.png","ascent":7,"height":7,"chars":[""]},
		{"type":"bitmap","file":"infinitemc:prefixes/ranks/player/noble.png","ascent":7,"height":7,"chars":[""]},
		{"type":"bitmap","file":"infinitemc:prefixes/ranks/player/patron.png","ascent":7,"height":7,"chars":[""]},
		{"type":"bitmap","file":"infinitemc:prefixes/ranks/player/regent.png","ascent":7,"height":7,"chars":[""]},
		{"type":"bitmap","file":"infinitemc:prefixes/ranks/staff/admin.png","ascent":7,"height":7,"chars":[""]},
		{"type":"bitmap","file":"infinitemc:prefixes/ranks/staff/helper.png","ascent":7,"height":7,"chars":[""]},
		{"type":"bitmap","file":"infinitemc:prefixes/ranks/staff/manager.png","ascent":7,"height":7,"chars":[""]},
		{"type":"bitmap","file":"infinitemc:prefixes/ranks/staff/mod.png","ascent":7,"height":7,"chars":[""]},
		{"type":"bitmap","file":"infinitemc:prefixes/ranks/staff/owner.png","ascent":7,"height":7,"chars":[""]},
		{"type":"bitmap","file":"infinitemc:prefixes/ranks/staff/sradmin.png","ascent":7,"height":7,"chars":[""]},
		{"type":"bitmap","file":"infinitemc:prefixes/ranks/staff/srmod.png","ascent":7,"height":7,"chars":[""]},
		{"type":"bitmap","file":"infinitemc:prefixes/ranks/staff/trialmod.png","ascent":7,"height":7,"chars":[""]},
		{"type":"bitmap","file":"infinitemc:prefixes/ranks/staff/dev.png","ascent":7,"height":7,"chars":[""]}
    ]
}